time,I_YSZ_bottom,cell_potential,dt,j_YSZ_bottom,numerical_phi_YSZ,potential_top_Cathode
-1,0,1.03665,0,0,0.03607,1.07272
0,-1.9930643386431e-07,0.96991669290599,1,-0.20000583276439,0.10280330709401,1.07272
1,-1.993067791823e-07,0.96979887522387,1,-0.20000617929416,0.10292112477613,1.07272
2,-1.9930655674562e-07,0.96968953443528,1,-0.20000595607691,0.10303046556472,1.07272
3,-1.9930675801765e-07,0.9695697580062,1,-0.20000615805524,0.1031502419938,1.07272
4,-1.9930680886975e-07,0.96945425988222,1,-0.20000620908579,0.10326574011778,1.07272
5,-1.9930671877469e-07,0.96934532222786,1,-0.20000611867457,0.10337467777214,1.07272
6,-1.9930664104964e-07,0.96923170353733,1,-0.20000604067677,0.10348829646267,1.07272
7,-1.9930657423441e-07,0.96911805264106,1,-0.20000597362707,0.10360194735894,1.07272
8,-1.9930654670586e-07,0.96900421697473,1,-0.20000594600192,0.10371578302527,1.07272
9,-1.9930657236158e-07,0.96888773013782,1,-0.20000597174767,0.10383226986218,1.07272
10,-1.9930648022792e-07,0.96877550613338,1,-0.2000058792907,0.10394449386662,1.07272
11,-1.9930670030556e-07,0.96865261960506,1,-0.20000610014063,0.10406738039494,1.07272
12,-1.9930673719163e-07,0.96853418110592,1,-0.20000613715614,0.10418581889408,1.07272
13,-1.9930665708419e-07,0.96841965910785,1,-0.20000605676759,0.10430034089215,1.07272
14,-1.993066447893e-07,0.96830318538891,1,-0.20000604442955,0.10441681461109,1.07272
15,-1.993065902154e-07,0.96818624721999,1,-0.20000598966414,0.10453375278001,1.07272
16,-1.9930675411375e-07,0.9680622134412,1,-0.20000615413764,0.1046577865588,1.07272
17,-1.9930658586045e-07,0.9679497052489,1,-0.20000598529392,0.1047702947511,1.07272
18,-1.9930658705239e-07,0.96782924844016,1,-0.20000598649003,0.10489075155984,1.07272
19,-1.993068025791e-07,0.96770416636637,1,-0.20000620277306,0.10501583363363,1.07272
20,-1.9930681874201e-07,0.96758369946906,1,-0.20000621899269,0.10513630053094,1.07272
21,-1.9930647148101e-07,0.96747427040486,1,-0.2000058705131,0.10524572959514,1.07272
22,-1.9930673607753e-07,0.96734988396596,1,-0.20000613603813,0.10537011603404,1.07272
23,-1.9930667171781e-07,0.96722590600746,1,-0.20000607145256,0.10549409399254,1.07272
24,-1.9930672824583e-07,0.96710634491949,1,-0.20000612817894,0.10561365508051,1.07272
25,-1.9930666967275e-07,0.96698376189554,1,-0.20000606940033,0.10573623810446,1.07272
26,-1.9930676914578e-07,0.96685856886982,1,-0.20000616922242,0.10586143113018,1.07272
27,-1.9930680385815e-07,0.96673274821659,1,-0.2000062040566,0.10598725178341,1.07272
28,-1.9930667128967e-07,0.9666138747979,1,-0.20000607102292,0.1061061252021,1.07272
29,-1.9930657188123e-07,0.96649275958237,1,-0.20000597126564,0.10622724041763,1.07272
30,-1.9930646807281e-07,0.96636943474964,1,-0.20000586709293,0.10635056525036,1.07272
31,-1.9930675476687e-07,0.96624092251595,1,-0.20000615479305,0.10647907748405,1.07272
32,-1.993064703321e-07,0.96612126425088,1,-0.20000586936015,0.10659873574912,1.07272
33,-1.9930676991166e-07,0.96598790006338,1,-0.20000616999099,0.10673209993662,1.07272
34,-1.9930663293216e-07,0.96586560206336,1,-0.2000060325308,0.10685439793664,1.07272
35,-1.9930671325298e-07,0.96573553922922,1,-0.20000611313349,0.10698446077078,1.07272
36,-1.9930675078275e-07,0.96560939709347,1,-0.20000615079495,0.10711060290653,1.07272
37,-1.9930668217763e-07,0.96548426265367,1,-0.20000608194908,0.10723573734633,1.07272
38,-1.9930682649465e-07,0.96535233201841,1,-0.20000622677254,0.10736766798159,1.07272
39,-1.9930670857311e-07,0.96522742091311,1,-0.20000610843719,0.10749257908689,1.07272
40,-1.993065548583e-07,0.96510278953604,1,-0.20000595418297,0.10761721046396,1.07272
41,-1.9930655316279e-07,0.96497533792181,1,-0.20000595248151,0.10774466207819,1.07272
42,-1.9930677862079e-07,0.9648376770775,1,-0.20000617873068,0.1078823229225,1.07272
43,-1.9930662538462e-07,0.96471318731724,1,-0.20000602495677,0.10800681268276,1.07272
44,-1.993069258741e-07,0.96457309241003,1,-0.20000632650073,0.10814690758997,1.07272
45,-1.993068183294e-07,0.96444454268301,1,-0.20000621857864,0.10827545731699,1.07272
46,-1.9930677507778e-07,0.96431685616448,1,-0.20000617517524,0.10840314383552,1.07272
47,-1.9930670257975e-07,0.96418403071744,1,-0.2000061024228,0.10853596928256,1.07272
48,-1.993066401665e-07,0.96405344397726,1,-0.20000603979053,0.10866655602274,1.07272
49,-1.9930669076262e-07,0.96392158573501,1,-0.2000060905642,0.10879841426499,1.07272
50,-1.9930673470243e-07,0.96378519150823,1,-0.2000061346582,0.10893480849177,1.07272
51,-1.9930663423101e-07,0.96365473049557,1,-0.20000603383422,0.10906526950443,1.07272
52,-1.9930670580735e-07,0.96351774820474,1,-0.20000610566173,0.10920225179526,1.07272
53,-1.993067349096e-07,0.96338223342871,1,-0.20000613486609,0.10933776657129,1.07272
54,-1.9930689447539e-07,0.96324346872543,1,-0.20000629499183,0.10947653127457,1.07272
55,-1.9930695121235e-07,0.9631068564858,1,-0.20000635192789,0.1096131435142,1.07272
56,-1.9930675596488e-07,0.96297511970925,1,-0.20000615599526,0.10974488029075,1.07272
57,-1.9930672043353e-07,0.96283926371385,1,-0.20000612033923,0.10988073628615,1.07272
58,-1.993066724873e-07,0.96270732233368,1,-0.20000607222475,0.11001267766632,1.07272
59,-1.993067659416e-07,0.96256455848117,1,-0.200006166007,0.11015544151883,1.07272
60,-1.9930663853651e-07,0.96243026518443,1,-0.20000603815482,0.11028973481557,1.07272
61,-1.9930676537255e-07,0.96228836198914,1,-0.20000616543595,0.11043163801086,1.07272
62,-1.9930671479821e-07,0.96215102731069,1,-0.20000611468414,0.11056897268931,1.07272
63,-1.993068571652e-07,0.96200689863419,1,-0.20000625755071,0.11071310136581,1.07272
64,-1.9930694173962e-07,0.96186443058677,1,-0.20000634242192,0.11085556941323,1.07272
65,-1.9930690528147e-07,0.96172503221,1,-0.20000630583583,0.11099496779,1.07272
66,-1.9930693505712e-07,0.96158305190818,1,-0.20000633571597,0.11113694809182,1.07272
67,-1.9930670450609e-07,0.96144793952878,1,-0.2000061043559,0.11127206047122,1.07272
68,-1.993066895622e-07,0.96130787705791,1,-0.20000608935957,0.11141212294209,1.07272
69,-1.9930680661332e-07,0.96116021712367,1,-0.20000620682144,0.11155978287633,1.07272
70,-1.9930691195128e-07,0.96101448999398,1,-0.20000631252905,0.11170551000601,1.07272
71,-1.9930687511612e-07,0.96087248906033,1,-0.20000627556463,0.11184751093967,1.07272
72,-1.993069264836e-07,0.96072651566998,1,-0.20000632711236,0.11199348433002,1.07272
73,-1.9930678996598e-07,0.96058659491022,1,-0.20000619011568,0.11213340508978,1.07272
74,-1.9930695832773e-07,0.96043914387374,1,-0.20000635906823,0.11228085612626,1.07272
75,-1.9930689595452e-07,0.96029279915058,1,-0.20000629647615,0.11242720084942,1.07272
76,-1.9930679301582e-07,0.9601475316175,1,-0.20000619317623,0.1125724683825,1.07272
77,-1.9930686064462e-07,0.95999905817228,1,-0.20000626104234,0.11272094182771,1.07272
78,-1.9930667475083e-07,0.95985722712631,1,-0.20000607449623,0.11286277287369,1.07272
79,-1.9930691825569e-07,0.95970328012525,1,-0.20000631885558,0.11301671987475,1.07272
80,-1.9930657292257e-07,0.95956390464085,1,-0.20000597231063,0.11315609535915,1.07272
81,-1.993067846581e-07,0.9594089236104,1,-0.20000618478918,0.1133110763896,1.07272
82,-1.9930664582774e-07,0.95926521356733,1,-0.20000604547163,0.11345478643267,1.07272
83,-1.9930681816171e-07,0.9591099953316,1,-0.20000621841035,0.1136100046684,1.07272
84,-1.9930673814732e-07,0.95896483475145,1,-0.20000613811518,0.11375516524855,1.07272
85,-1.9930683728994e-07,0.95880662139873,1,-0.2000062376057,0.11391337860127,1.07272
86,-1.9930670980428e-07,0.9586598906735,1,-0.20000610967268,0.1140601093265,1.07272
87,-1.9930679264423e-07,0.95850401514852,1,-0.20000619280333,0.11421598485148,1.07272
88,-1.9930649796626e-07,0.95835955855027,1,-0.20000589709129,0.11436044144973,1.07272
89,-1.9930686170193e-07,0.95819577150388,1,-0.20000626210337,0.11452422849612,1.07272
90,-1.9930657821817e-07,0.95805078326463,1,-0.20000597762481,0.11466921673537,1.07272
91,-1.9930673511353e-07,0.95789246931775,1,-0.20000613507074,0.11482753068225,1.07272
92,-1.9930671741485e-07,0.95773535780317,1,-0.20000611730996,0.11498464219683,1.07272
93,-1.9930650541271e-07,0.95758708956617,1,-0.20000590456387,0.11513291043383,1.07272
94,-1.993068620331e-07,0.95742063962215,1,-0.20000626243569,0.11529936037785,1.07272
95,-1.9930684814184e-07,0.95726430331731,1,-0.20000624849569,0.11545569668269,1.07272
96,-1.9930666342814e-07,0.95711379487821,1,-0.2000060631338,0.11560620512179,1.07272
97,-1.9930682245677e-07,0.95695085723242,1,-0.20000622272049,0.11576914276758,1.07272
98,-1.9930680133851e-07,0.95679339157206,1,-0.20000620152812,0.11592660842794,1.07272
99,-1.993064848018e-07,0.95664083498544,1,-0.20000588388063,0.11607916501456,1.07272
100,-1.9930671564308e-07,0.95647636677736,1,-0.20000611553197,0.11624363322264,1.07272
101,-1.9930650161441e-07,0.95632261729649,1,-0.20000590075224,0.1163973827035,1.07272
102,-1.9930678372406e-07,0.95615356350961,1,-0.20000618385185,0.11656643649039,1.07272
103,-1.9930647158973e-07,0.95599737936721,1,-0.20000587062219,0.11672262063279,1.07272
104,-1.9930649314781e-07,0.95583820227932,1,-0.20000589225592,0.11688179772068,1.07272
105,-1.9930643538347e-07,0.95568129576854,1,-0.20000583428888,0.11703870423146,1.07272
106,-1.9930667616004e-07,0.95550686481573,1,-0.20000607591037,0.11721313518427,1.07272
107,-1.9930679627275e-07,0.95534364123791,1,-0.20000619644458,0.11737635876209,1.07272
108,-1.9930686053016e-07,0.95517165308059,1,-0.20000626092748,0.11754834691941,1.07272
109,-1.9930635458282e-07,0.95502155704909,1,-0.20000575320469,0.11769844295091,1.07272
110,-1.9930651646641e-07,0.95485037728593,1,-0.20000591565636,0.11786962271407,1.07272
111,-1.9930679255792e-07,0.95467762655757,1,-0.20000619271671,0.11804237344243,1.07272
112,-1.9930684805352e-07,0.95451123836879,1,-0.20000624840706,0.11820876163121,1.07272
113,-1.993068690854e-07,0.95434379590457,1,-0.20000626951274,0.11837620409543,1.07272
114,-1.9930684425009e-07,0.95417315248766,1,-0.20000624459028,0.11854684751234,1.07272
115,-1.9930682941016e-07,0.95401218927388,1,-0.20000622969827,0.11870781072612,1.07272
116,-1.9930665970225e-07,0.95384252347821,1,-0.20000605939484,0.11887747652179,1.07272
117,-1.9930653038855e-07,0.95367824191807,1,-0.20000592962735,0.11904175808193,1.07272
118,-1.993067962272e-07,0.95349735170921,1,-0.20000619639887,0.11922264829079,1.07272
119,-1.9930677991229e-07,0.95332744132042,1,-0.20000618002671,0.11939255867958,1.07272
120,-1.993068265068e-07,0.95315417087479,1,-0.20000622678473,0.11956582912521,1.07272
121,-1.9930674343288e-07,0.95298149023511,1,-0.20000614341928,0.11973850976489,1.07272
122,-1.9930678297981e-07,0.95280718453106,1,-0.200006183105,0.11991281546894,1.07272
123,-1.993067473409e-07,0.9526350289274,1,-0.20000614734103,0.1200849710726,1.07272
124,-1.9930684201864e-07,0.95245824482644,1,-0.200006242351,0.12026175517356,1.07272
125,-1.9930676598366e-07,0.95228584093901,1,-0.20000616604921,0.12043415906099,1.07272
126,-1.9930687647229e-07,0.95210714005343,1,-0.20000627692555,0.12061285994657,1.07272
127,-1.9930681966779e-07,0.95193421050919,1,-0.20000621992171,0.12078578949081,1.07272
128,-1.9930679386982e-07,0.95175975929993,1,-0.20000619403322,0.12096024070007,1.07272
129,-1.9930683495064e-07,0.95157860553493,1,-0.2000062352582,0.12114139446507,1.07272
130,-1.9930678367906e-07,0.95139799900798,1,-0.2000061838067,0.12132200099202,1.07272
131,-1.9930678781933e-07,0.95121993050089,1,-0.20000618796149,0.12150006949911,1.07272
132,-1.9930678532887e-07,0.95104031122343,1,-0.2000061854623,0.12167968877657,1.07272
133,-1.9930675534815e-07,0.95086562241038,1,-0.20000615537637,0.12185437758962,1.07272
134,-1.9930675222301e-07,0.95068102691072,1,-0.20000615224026,0.12203897308928,1.07272
135,-1.9930680145357e-07,0.95049770070877,1,-0.20000620164358,0.12222229929123,1.07272
136,-1.9930691286651e-07,0.95031105314674,1,-0.20000631344748,0.12240894685326,1.07272
137,-1.9930672305047e-07,0.95013347893519,1,-0.20000612296535,0.12258652106481,1.07272
138,-1.9930648197409e-07,0.94996091369546,1,-0.200005881043,0.12275908630454,1.07272
139,-1.9930639226154e-07,0.94977723631666,1,-0.20000579101563,0.12294276368334,1.07272
140,-1.9930694249773e-07,0.94957256752624,1,-0.20000634318269,0.12314743247376,1.07272
141,-1.9930675714662e-07,0.94939136111602,1,-0.20000615718115,0.12332863888398,1.07272
142,-1.9930675680296e-07,0.94920727534615,1,-0.20000615683629,0.12351272465385,1.07272
143,-1.9930669524213e-07,0.94902092357352,1,-0.20000609505943,0.12369907642648,1.07272
144,-1.9930689274472e-07,0.94882986628542,1,-0.20000629325508,0.12389013371458,1.07272
145,-1.9930677709198e-07,0.94863957907042,1,-0.2000061771965,0.12408042092958,1.07272
146,-1.9930694817567e-07,0.94844747097759,1,-0.20000634888055,0.12427252902241,1.07272
147,-1.9930666373173e-07,0.94827069984756,1,-0.20000606343846,0.12444930015244,1.07272
148,-1.9930693369455e-07,0.94806657935241,1,-0.20000633434862,0.12465342064759,1.07272
149,-1.993068549616e-07,0.9478779834455,1,-0.20000625533938,0.1248420165545,1.07272
150,-1.9930685660351e-07,0.94768368571253,1,-0.20000625698705,0.12503631428747,1.07272
151,-1.993069584819e-07,0.94748922925804,1,-0.20000635922295,0.12523077074196,1.07272
152,-1.9930656649517e-07,0.94731305350163,1,-0.20000596586067,0.12540694649837,1.07272
153,-1.9930688050261e-07,0.9471019999956,1,-0.20000628097002,0.1256180000044,1.07272
154,-1.9930677816396e-07,0.94691032328656,1,-0.20000617827224,0.12580967671344,1.07272
155,-1.9930661772621e-07,0.9467194314736,1,-0.2000060172715,0.1260005685264,1.07272
156,-1.9930681158833e-07,0.94651602068991,1,-0.20000621181391,0.12620397931009,1.07272
157,-1.9930663575651e-07,0.94632461052664,1,-0.20000603536506,0.12639538947336,1.07272
158,-1.9930654427416e-07,0.94613359957696,1,-0.20000594356169,0.12658640042304,1.07272
159,-1.9930700432791e-07,0.94591606274379,1,-0.20000640522984,0.12680393725621,1.07272
160,-1.9930670174586e-07,0.94572880908889,1,-0.20000610158599,0.12699119091111,1.07272
161,-1.9930690628231e-07,0.94551863822448,1,-0.20000630684019,0.12720136177551,1.07272
162,-1.9930665429755e-07,0.94533287316547,1,-0.20000605397116,0.12738712683453,1.07272
163,-1.9930664723349e-07,0.94512392747339,1,-0.20000604688231,0.12759607252661,1.07272
164,-1.9930656800882e-07,0.94492248028788,1,-0.20000596737964,0.12779751971212,1.07272
165,-1.9930680617602e-07,0.94471311518454,1,-0.20000620638261,0.12800688481546,1.07272
166,-1.9930676556599e-07,0.94451047814988,1,-0.20000616563007,0.12820952185012,1.07272
167,-1.9930653400916e-07,0.94431472724381,1,-0.20000593326066,0.12840527275619,1.07272
168,-1.9930642178932e-07,0.94411029136124,1,-0.20000582064703,0.12860970863876,1.07272
169,-1.9930677358477e-07,0.94389246482864,1,-0.20000617367698,0.12882753517136,1.07272
170,-1.9930695206321e-07,0.94367892352566,1,-0.20000635278173,0.12904107647434,1.07272
171,-1.993066920075e-07,0.94348134122236,1,-0.20000609181345,0.12923865877763,1.07272
172,-1.9930683187915e-07,0.9432659538656,1,-0.20000623217593,0.1294540461344,1.07272
173,-1.9930697531495e-07,0.94305142581872,1,-0.20000637611507,0.12966857418128,1.07272
174,-1.9930650445277e-07,0.94285698296487,1,-0.20000590360056,0.12986301703513,1.07272
175,-1.9930691533511e-07,0.94263030616733,1,-0.20000631592475,0.13008969383267,1.07272
176,-1.9930646258707e-07,0.94243389104469,1,-0.20000586158794,0.13028610895531,1.07272
177,-1.9930686320913e-07,0.94220671634415,1,-0.20000626361585,0.13051328365585,1.07272
178,-1.9930657492006e-07,0.94200268993499,1,-0.20000597431513,0.13071731006501,1.07272
179,-1.9930672275972e-07,0.94178334865527,1,-0.20000612267358,0.13093665134473,1.07272
180,-1.9930677615099e-07,0.94156722959953,1,-0.20000617625222,0.13115277040047,1.07272
181,-1.9930648709312e-07,0.94135876567553,1,-0.20000588617999,0.13136123432447,1.07272
182,-1.9930656062689e-07,0.94114019086113,1,-0.20000595997181,0.13157980913887,1.07272
183,-1.9930698174358e-07,0.94090815988513,1,-0.20000638256625,0.13181184011487,1.07272
184,-1.9930698806189e-07,0.94068935856206,1,-0.20000638890674,0.13203064143794,1.07272
185,-1.9930684293135e-07,0.94048041896196,1,-0.20000624326691,0.13223958103804,1.07272
186,-1.9930685725284e-07,0.9402539495227,1,-0.20000625763867,0.13246605047729,1.07272
187,-1.9930651774605e-07,0.94004461914429,1,-0.20000591694049,0.13267538085571,1.07272
188,-1.9930670935034e-07,0.93981726068179,1,-0.20000610921715,0.13290273931821,1.07272
189,-1.993066618658e-07,0.93959305633424,1,-0.20000606156597,0.13312694366576,1.07272
190,-1.9930672203088e-07,0.93936975909997,1,-0.20000612194218,0.13335024090003,1.07272
191,-1.9930672624022e-07,0.93915073023512,1,-0.20000612616629,0.13356926976488,1.07272
192,-1.9930670203937e-07,0.93892435813243,1,-0.20000610188053,0.13379564186757,1.07272
193,-1.9930674888228e-07,0.93869150321551,1,-0.20000614888781,0.13402849678449,1.07272
194,-1.9930655558547e-07,0.93847636809258,1,-0.2000059549127,0.13424363190742,1.07272
195,-1.9930651598062e-07,0.93824520605441,1,-0.20000591516887,0.13447479394559,1.07272
196,-1.9930660150848e-07,0.93801212060132,1,-0.20000600099686,0.13470787939868,1.07272
197,-1.9930674811434e-07,0.93777764644201,1,-0.20000614811718,0.13494235355799,1.07272
198,-1.993070054555e-07,0.93753805075916,1,-0.20000640636139,0.13518194924084,1.07272
199,-1.9930662373005e-07,0.93732123523784,1,-0.2000060232964,0.13539876476216,1.07272
200,-1.993069030979e-07,0.93708207288833,1,-0.2000063036446,0.13563792711167,1.07272
201,-1.9930674843385e-07,0.93684960537212,1,-0.20000614843781,0.13587039462788,1.07272
202,-1.9930669205624e-07,0.93661706000536,1,-0.20000609186236,0.13610293999464,1.07272
203,-1.9930635800438e-07,0.93638813717033,1,-0.20000575663825,0.13633186282967,1.07272
204,-1.9930676495742e-07,0.93614305292204,1,-0.20000616501936,0.13657694707796,1.07272
205,-1.9930642190026e-07,0.93591803138799,1,-0.20000582075835,0.13680196861201,1.07272
206,-1.9930666960094e-07,0.93567046445823,1,-0.20000606932826,0.13704953554177,1.07272
207,-1.9930701827902e-07,0.93542089890387,1,-0.20000641922991,0.13729910109613,1.07272
208,-1.9930688892989e-07,0.93518525388446,1,-0.20000628942688,0.13753474611553,1.07272
209,-1.9930681025974e-07,0.93494844510018,1,-0.20000621048065,0.13777155489981,1.07272
210,-1.9930682955905e-07,0.93470628378406,1,-0.20000622984769,0.13801371621594,1.07272
211,-1.9930658333624e-07,0.93447216525732,1,-0.20000598276084,0.13824783474268,1.07272
212,-1.9930660352431e-07,0.93422748764771,1,-0.20000600301976,0.13849251235229,1.07272
213,-1.9930701107601e-07,0.93396922702176,1,-0.20000641200163,0.13875077297824,1.07272
214,-1.9930692922557e-07,0.93372849651244,1,-0.20000632986395,0.13899150348756,1.07272
215,-1.9930695916344e-07,0.93348037645795,1,-0.20000635990689,0.13923962354205,1.07272
216,-1.9930669838048e-07,0.93324270715679,1,-0.20000609820879,0.13947729284321,1.07272
217,-1.9930637771947e-07,0.93300337874029,1,-0.20000577642253,0.13971662125971,1.07272
218,-1.9930695850633e-07,0.93273508430645,1,-0.20000635924747,0.13998491569355,1.07272
219,-1.9930705211581e-07,0.93248255390626,1,-0.20000645318544,0.14023744609374,1.07272
220,-1.9930683325423e-07,0.93223992825741,1,-0.20000623355584,0.14048007174259,1.07272
221,-1.9930693284057e-07,0.93198560610628,1,-0.20000633349165,0.14073439389372,1.07272
222,-1.9930649484884e-07,0.93174152132793,1,-0.20000589396293,0.14097847867207,1.07272
223,-1.9930665648851e-07,0.93148723796735,1,-0.20000605616982,0.14123276203265,1.07272
224,-1.9930646379238e-07,0.93123836756362,1,-0.20000586279748,0.14148163243638,1.07272
225,-1.9930700303714e-07,0.93096444158217,1,-0.20000640393454,0.14175555841783,1.07272
226,-1.993069670305e-07,0.93070917936699,1,-0.20000636780155,0.14201082063301,1.07272
227,-1.9930686695133e-07,0.93045492020755,1,-0.20000626737119,0.14226507979245,1.07272
228,-1.9930699332782e-07,0.93019233389678,1,-0.20000639419115,0.14252766610322,1.07272
229,-1.9930663020003e-07,0.92994320397501,1,-0.20000602978909,0.14277679602499,1.07272
230,-1.9930690971183e-07,0.92967435362093,1,-0.20000631028174,0.14304564637906,1.07272
231,-1.9930698189386e-07,0.92940971060262,1,-0.20000638271707,0.14331028939738,1.07272
232,-1.9930645994058e-07,0.9291656357102,1,-0.20000585893216,0.1435543642898,1.07272
233,-1.9930699915471e-07,0.9288831277653,1,-0.20000640003849,0.1438368722347,1.07272
234,-1.9930664088653e-07,0.92863229947643,1,-0.20000604051309,0.14408770052357,1.07272
235,-1.9930651509152e-07,0.92836931922053,1,-0.20000591427664,0.14435068077947,1.07272
236,-1.9930662624186e-07,0.92810058738737,1,-0.20000602581702,0.14461941261262,1.07272
237,-1.9930678911969e-07,0.92782457797899,1,-0.20000618926642,0.14489542202101,1.07272
238,-1.9930670956303e-07,0.92756810347848,1,-0.20000610943059,0.14515189652152,1.07272
239,-1.9930674649637e-07,0.92728829971445,1,-0.20000614649353,0.14543170028555,1.07272
240,-1.9930643235498e-07,0.92702620739664,1,-0.20000583124976,0.14569379260336,1.07272
241,-1.9930699507668e-07,0.92673719602868,1,-0.20000639594614,0.14598280397131,1.07272
242,-1.9930690812901e-07,0.92646892188201,1,-0.20000630869337,0.14625107811799,1.07272
243,-1.9930672445152e-07,0.92620029175076,1,-0.20000612437132,0.14651970824924,1.07272
244,-1.9930681566244e-07,0.92592089424978,1,-0.20000621590232,0.14679910575022,1.07272
245,-1.9930691309025e-07,0.92564382272865,1,-0.20000631367201,0.14707617727135,1.07272
246,-1.9930655791432e-07,0.9253779288814,1,-0.20000595724971,0.1473420711186,1.07272
247,-1.9930677776192e-07,0.92509190614596,1,-0.20000617786879,0.14762809385404,1.07272
248,-1.9930661374311e-07,0.92482319339118,1,-0.20000601327442,0.14789680660882,1.07272
249,-1.9930639650748e-07,0.92454510128731,1,-0.20000579527647,0.14817489871269,1.07272
250,-1.9930643006706e-07,0.92426382200254,1,-0.20000582895381,0.14845617799746,1.07272
251,-1.9930662405011e-07,0.92397425349855,1,-0.20000602361758,0.14874574650145,1.07272
252,-1.9930662352537e-07,0.9236925507471,1,-0.200006023091,0.1490274492529,1.07272
253,-1.9930654096562e-07,0.9234137827081,1,-0.20000594024154,0.1493062172919,1.07272
254,-1.9930662266292e-07,0.92312006887784,1,-0.20000602222552,0.14959993112216,1.07272
255,-1.9930667458116e-07,0.92283504261909,1,-0.20000607432596,0.14988495738091,1.07272
256,-1.9930692610054e-07,0.92253483955953,1,-0.20000632672796,0.15018516044047,1.07272
257,-1.993066514301e-07,0.92225581435094,1,-0.20000605109366,0.15046418564906,1.07272
258,-1.9930656803671e-07,0.92197467345045,1,-0.20000596740762,0.15074532654955,1.07272
259,-1.9930656401666e-07,0.92167826605874,1,-0.20000596337347,0.15104173394126,1.07272
260,-1.9930688085828e-07,0.92137237408809,1,-0.20000628132694,0.15134762591191,1.07272
261,-1.9930645228519e-07,0.92109809230895,1,-0.20000585124992,0.15162190769105,1.07272
262,-1.9930684871033e-07,0.92078546127528,1,-0.20000624906617,0.15193453872472,1.07272
263,-1.9930691592144e-07,0.92048891049675,1,-0.20000631651314,0.15223108950325,1.07272
264,-1.9930681394135e-07,0.92019595196354,1,-0.20000621417519,0.15252404803646,1.07272
265,-1.9930684359437e-07,0.91989463800303,1,-0.20000624393226,0.15282536199697,1.07272
266,-1.993068897166e-07,0.91959494050615,1,-0.20000629021634,0.15312505949385,1.07272
267,-1.9930674376187e-07,0.91929845466211,1,-0.20000614374943,0.15342154533789,1.07272
268,-1.9930684867666e-07,0.91899508557053,1,-0.20000624903239,0.15372491442947,1.07272
269,-1.993069007624e-07,0.91868860362757,1,-0.2000063013009,0.15403139637243,1.07272
270,-1.9930708727407e-07,0.91838001820456,1,-0.20000648846708,0.15433998179544,1.07272
271,-1.9930651600082e-07,0.9180977747406,1,-0.20000591518913,0.1546222252594,1.07272
272,-1.9930695340377e-07,0.91777404500877,1,-0.20000635412701,0.15494595499123,1.07272
273,-1.9930660894653e-07,0.91747901484674,1,-0.20000600846101,0.15524098515326,1.07272
274,-1.9930671242439e-07,0.91716682229897,1,-0.20000611230199,0.15555317770102,1.07272
275,-1.9930704103953e-07,0.91684490867447,1,-0.20000644207029,0.15587509132553,1.07272
276,-1.9930700656102e-07,0.91653655687929,1,-0.20000640747078,0.15618344312071,1.07272
277,-1.9930653658887e-07,0.91623877815319,1,-0.20000593584943,0.15648122184681,1.07272
278,-1.9930686741542e-07,0.91591326494071,1,-0.2000062678369,0.15680673505929,1.07272
279,-1.9930647977938e-07,0.91561647492963,1,-0.20000587884059,0.15710352507037,1.07272
280,-1.9930656199975e-07,0.91529524672447,1,-0.20000596134948,0.15742475327553,1.07272
281,-1.993066445924e-07,0.91497957635612,1,-0.20000604423196,0.15774042364388,1.07272
282,-1.9930646809818e-07,0.91466134179762,1,-0.20000586711839,0.15805865820237,1.07272
283,-1.9930688078856e-07,0.91432897552737,1,-0.20000628125697,0.15839102447263,1.07272
284,-1.9930704704583e-07,0.91400314790874,1,-0.20000644809767,0.15871685209126,1.07272
285,-1.9930687796859e-07,0.91368714521606,1,-0.20000627842711,0.15903285478394,1.07272
286,-1.9930670617043e-07,0.91336615817098,1,-0.20000610602608,0.15935384182902,1.07272
287,-1.9930673209133e-07,0.91304278701036,1,-0.20000613203794,0.15967721298964,1.07272
288,-1.993066244141e-07,0.91272182220561,1,-0.20000602398285,0.15999817779439,1.07272
289,-1.9930662848312e-07,0.91239461586771,1,-0.20000602806615,0.16032538413229,1.07272
290,-1.9930662158231e-07,0.91206759012026,1,-0.20000602114112,0.16065240987974,1.07272
291,-1.9930661442835e-07,0.91173784736402,1,-0.20000601396206,0.16098215263598,1.07272
292,-1.9930655613216e-07,0.91140937356753,1,-0.2000059554613,0.16131062643247,1.07272
293,-1.9930663120442e-07,0.91107461894221,1,-0.200006030797,0.16164538105779,1.07272
294,-1.9930698464737e-07,0.91073029218354,1,-0.20000638548024,0.16198970781646,1.07272
295,-1.9930687357701e-07,0.91039781105604,1,-0.20000627402011,0.16232218894396,1.07272
296,-1.9930662065677e-07,0.91007003005525,1,-0.20000602021233,0.16264996994475,1.07272
297,-1.9930707193478e-07,0.90971922812249,1,-0.20000647307395,0.16300077187751,1.07272
298,-1.9930671116585e-07,0.90939523787936,1,-0.20000611103902,0.16332476212064,1.07272
299,-1.9930653958162e-07,0.90905834858312,1,-0.20000593885268,0.16366165141688,1.07272
300,-1.9930680224648e-07,0.90870906019853,1,-0.20000620243927,0.16401093980147,1.07272
301,-1.9930665702247e-07,0.9083707303339,1,-0.20000605670565,0.1643492696661,1.07272
302,-1.9930705391613e-07,0.90801471274839,1,-0.20000645499208,0.16470528725161,1.07272
303,-1.9930701009843e-07,0.90767080784049,1,-0.20000641102061,0.16504919215951,1.07272
304,-1.9930693373028e-07,0.90732715168222,1,-0.20000633438447,0.16539284831778,1.07272
305,-1.9930708519394e-07,0.9069742757835,1,-0.20000648637965,0.1657457242165,1.07272
306,-1.993064439878e-07,0.90664714975722,1,-0.20000584292341,0.16607285024278,1.07272
307,-1.993069910242e-07,0.90627799596438,1,-0.20000639187945,0.16644200403562,1.07272
308,-1.9930665951942e-07,0.90593717211518,1,-0.20000605921137,0.16678282788482,1.07272
309,-1.9930702101196e-07,0.90557083313818,1,-0.20000642197244,0.16714916686182,1.07272
310,-1.9930674699123e-07,0.90522752711446,1,-0.20000614699013,0.16749247288554,1.07272
311,-1.9930708271838e-07,0.90485949511418,1,-0.2000064838954,0.16786050488582,1.07272
312,-1.9930676457222e-07,0.90451096173221,1,-0.20000616463281,0.16820903826779,1.07272
313,-1.9930700541331e-07,0.9041455154543,1,-0.20000640631905,0.1685744845457,1.07272
314,-1.9930652511795e-07,0.90380058274914,1,-0.20000592433826,0.16891941725086,1.07272
315,-1.993067410109e-07,0.90343508488782,1,-0.20000614098881,0.16928491511218,1.07272
316,-1.9930704542945e-07,0.90306272252695,1,-0.20000644647561,0.16965727747305,1.07272
317,-1.9930693863901e-07,0.90270059463566,1,-0.20000633931043,0.17001940536434,1.07272
318,-1.9930677839694e-07,0.90233887339962,1,-0.20000617850604,0.17038112660038,1.07272
319,-1.9930645631255e-07,0.90197932282817,1,-0.2000058552914,0.17074067717183,1.07272
320,-1.9930709600294e-07,0.90159192116069,1,-0.20000649722657,0.17112807883931,1.07272
321,-1.9930701530494e-07,0.90122447688815,1,-0.20000641624539,0.17149552311185,1.07272
322,-1.9930675039841e-07,0.90086542924904,1,-0.20000615040926,0.17185457075096,1.07272
323,-1.9930699565639e-07,0.90048016732294,1,-0.2000063965279,0.17223983267706,1.07272
324,-1.99306998488e-07,0.90010498322142,1,-0.20000639936944,0.17261501677858,1.07272
325,-1.9930677789923e-07,0.89973970701583,1,-0.20000617800658,0.17298029298417,1.07272
326,-1.9930678296696e-07,0.8993615165059,1,-0.2000061830921,0.1733584834941,1.07272
327,-1.993065733732e-07,0.89898853986942,1,-0.20000597276284,0.17373146013058,1.07272
328,-1.9930696903922e-07,0.8985936133424,1,-0.20000636981732,0.1741263866576,1.07272
329,-1.9930651972538e-07,0.89822961905224,1,-0.20000591892676,0.17449038094776,1.07272
330,-1.9930695082165e-07,0.8978293720752,1,-0.20000635153582,0.1748906279248,1.07272
331,-1.9930663577459e-07,0.89746014462379,1,-0.20000603538321,0.17525985537621,1.07272
332,-1.9930676577719e-07,0.89706295051371,1,-0.20000616584201,0.17565704948629,1.07272
333,-1.9930666412387e-07,0.89668394700767,1,-0.20000606383197,0.17603605299233,1.07272
334,-1.9930690128578e-07,0.89628158050738,1,-0.20000630182612,0.17643841949262,1.07272
335,-1.9930682511163e-07,0.89589573485145,1,-0.20000622538466,0.17682426514855,1.07272
336,-1.9930706351161e-07,0.89549341573238,1,-0.20000646462123,0.17722658426762,1.07272
337,-1.993066977062e-07,0.89511685408898,1,-0.20000609753214,0.17760314591102,1.07272
338,-1.9930690561744e-07,0.89470913330836,1,-0.20000630617298,0.17801086669164,1.07272
339,-1.993068211334e-07,0.89432550555846,1,-0.20000622139247,0.17839449444154,1.07272
340,-1.9930644204387e-07,0.89393075909936,1,-0.20000584097265,0.17878924090064,1.07272
341,-1.9930709301475e-07,0.89350657804296,1,-0.2000064942279,0.17921342195704,1.07272
342,-1.9930700113765e-07,0.89310866651093,1,-0.20000640202838,0.17961133348907,1.07272
343,-1.9930695804265e-07,0.892705625544,1,-0.20000635878216,0.180014374456,1.07272
344,-1.9930706258294e-07,0.89229664725853,1,-0.2000064636893,0.18042335274147,1.07272
345,-1.9930688114953e-07,0.89189590194177,1,-0.20000628161921,0.18082409805823,1.07272
346,-1.9930699599562e-07,0.89148408402841,1,-0.20000639686831,0.18123591597159,1.07272
347,-1.9930666795378e-07,0.89108775275062,1,-0.20000606767532,0.18163224724938,1.07272
348,-1.9930692341492e-07,0.89066474553477,1,-0.20000632403292,0.18205525446523,1.07272
349,-1.9930656757735e-07,0.89026504701805,1,-0.20000596694665,0.18245495298195,1.07272
350,-1.9930693006326e-07,0.88983646310536,1,-0.20000633070458,0.18288353689463,1.07272
351,-1.9930655136639e-07,0.88943364948868,1,-0.20000595067881,0.18328635051132,1.07272
352,-1.9930682383312e-07,0.8890053499681,1,-0.20000622410167,0.18371465003189,1.07272
353,-1.9930658053358e-07,0.88859615378218,1,-0.20000597994834,0.18412384621782,1.07272
354,-1.9930690518543e-07,0.88816096694507,1,-0.20000630573945,0.18455903305493,1.07272
355,-1.9930645433845e-07,0.88775355973908,1,-0.20000585331038,0.18496644026092,1.07272
356,-1.9930695822291e-07,0.88731047594242,1,-0.20000635896306,0.18540952405758,1.07272
357,-1.9930697383686e-07,0.88688354247063,1,-0.20000637463179,0.18583645752937,1.07272
358,-1.993069538647e-07,0.88645546349495,1,-0.20000635458955,0.18626453650505,1.07272
359,-1.9930711994254e-07,0.8860193526346,1,-0.20000652125018,0.1867006473654,1.07272
360,-1.9930674983584e-07,0.88560194026915,1,-0.20000614984472,0.18711805973085,1.07272
361,-1.9930675852516e-07,0.88516778181364,1,-0.20000615856453,0.18755221818636,1.07272
362,-1.9930643241713e-07,0.88474351711218,1,-0.20000583131213,0.18797648288782,1.07272
363,-1.9930649454238e-07,0.88430454352759,1,-0.20000589365539,0.18841545647241,1.07272
364,-1.9930705823535e-07,0.88384458998985,1,-0.20000645932645,0.18887541001015,1.07272
365,-1.993068132635e-07,0.88341568138445,1,-0.20000621349495,0.18930431861555,1.07272
366,-1.9930707964367e-07,0.88296109039946,1,-0.2000064808099,0.18975890960054,1.07272
367,-1.9930699442275e-07,0.88251970947643,1,-0.20000639528993,0.19020029052357,1.07272
368,-1.9930694959475e-07,0.88207534329634,1,-0.20000635030462,0.19064465670366,1.07272
369,-1.993070360348e-07,0.88162417717107,1,-0.20000643704799,0.19109582282893,1.07272
370,-1.9930676322437e-07,0.88118691320977,1,-0.20000616328023,0.19153308679023,1.07272
371,-1.9930712829195e-07,0.88071958383959,1,-0.20000652962889,0.19200041616041,1.07272
372,-1.993071515998e-07,0.88026642554128,1,-0.20000655301853,0.19245357445872,1.07272
373,-1.9930711304934e-07,0.87981161880139,1,-0.20000651433279,0.19290838119861,1.07272
374,-1.9930713172213e-07,0.87935369095553,1,-0.20000653307111,0.19336630904447,1.07272
375,-1.9930707770979e-07,0.878896531436,1,-0.20000647886923,0.193823468564,1.07272
376,-1.993070823684e-07,0.878435778418,1,-0.20000648354419,0.194284221582,1.07272
377,-1.9930656399889e-07,0.87799039963061,1,-0.20000596335563,0.19472960036939,1.07272
378,-1.9930683484059e-07,0.87751732202165,1,-0.20000623514776,0.19520267797835,1.07272
379,-1.9930665978893e-07,0.87706016267437,1,-0.20000605948182,0.19565983732563,1.07272
380,-1.9930685295601e-07,0.87658281611986,1,-0.20000625332676,0.19613718388014,1.07272
381,-1.9930700517945e-07,0.87610608262869,1,-0.20000640608437,0.19661391737131,1.07272
382,-1.9930703890363e-07,0.87563235090698,1,-0.20000643992689,0.19708764909302,1.07272
383,-1.9930709849935e-07,0.87515585331245,1,-0.20000649973175,0.19756414668755,1.07272
384,-1.993068432965e-07,0.87469431013552,1,-0.20000624363334,0.19802568986448,1.07272
385,-1.9930708331151e-07,0.87420190790757,1,-0.20000648449061,0.19851809209243,1.07272
386,-1.9930707802891e-07,0.87372356356239,1,-0.20000647918947,0.19899643643761,1.07272
387,-1.9930708037614e-07,0.87324005047491,1,-0.20000648154494,0.19947994952509,1.07272
388,-1.9930659081348e-07,0.87277180497109,1,-0.20000599026432,0.19994819502891,1.07272
389,-1.9930715361839e-07,0.87226680807111,1,-0.20000655504421,0.20045319192889,1.07272
390,-1.9930668151091e-07,0.87180273087257,1,-0.20000608128002,0.20091726912743,1.07272
391,-1.9930677185169e-07,0.87130378486338,1,-0.20000617193783,0.20141621513662,1.07272
392,-1.9930691276952e-07,0.87080523383854,1,-0.20000631335016,0.20191476616146,1.07272
393,-1.9930688563774e-07,0.87031186866561,1,-0.20000628612316,0.20240813133439,1.07272
394,-1.993070671842e-07,0.86980836791723,1,-0.20000646830671,0.20291163208277,1.07272
395,-1.9930703362794e-07,0.86931121297324,1,-0.20000643463269,0.20340878702676,1.07272
396,-1.9930679753881e-07,0.86881921870247,1,-0.20000619771508,0.20390078129753,1.07272
397,-1.993068345176e-07,0.86831443047011,1,-0.20000623482364,0.20440556952989,1.07272
398,-1.9930673574504e-07,0.86781311506437,1,-0.20000613570447,0.20490688493563,1.07272
399,-1.9930714011894e-07,0.86729242701708,1,-0.20000654149738,0.20542757298292,1.07272
400,-1.9930700432776e-07,0.86678886266527,1,-0.20000640522969,0.20593113733473,1.07272
401,-1.9930650544344e-07,0.86629540778275,1,-0.2000059045947,0.20642459221725,1.07272
402,-1.9930699719702e-07,0.86576407806667,1,-0.20000639807393,0.20695592193333,1.07272
403,-1.9930698194975e-07,0.86524765630453,1,-0.20000638277315,0.20747234369546,1.07272
404,-1.9930687294084e-07,0.86474677023677,1,-0.20000627338171,0.20797322976323,1.07272
405,-1.9930648180987e-07,0.86423047872238,1,-0.2000058808782,0.20848952127762,1.07272
406,-1.9930677436265e-07,0.86369763478942,1,-0.2000061744576,0.20902236521058,1.07272
407,-1.9930669340092e-07,0.86317627085332,1,-0.20000609321175,0.20954372914668,1.07272
408,-1.9930699689979e-07,0.86263767713929,1,-0.20000639777565,0.21008232286071,1.07272
409,-1.9930681596858e-07,0.86211731771769,1,-0.20000621620952,0.21060268228231,1.07272
410,-1.9930654924789e-07,0.86159363382843,1,-0.20000594855287,0.21112636617157,1.07272
411,-1.9930681930906e-07,0.86105019860704,1,-0.20000621956173,0.21166980139296,1.07272
412,-1.9930689350249e-07,0.86051152709292,1,-0.20000629401551,0.21220847290708,1.07272
413,-1.9930710137881e-07,0.85996632021906,1,-0.20000650262131,0.21275367978094,1.07272
414,-1.9930655140888e-07,0.85944756680635,1,-0.20000595072145,0.21327243319365,1.07272
415,-1.993071417866e-07,0.85888175103252,1,-0.2000065431709,0.21383824896748,1.07272
416,-1.9930680990743e-07,0.858346006902,1,-0.20000621012711,0.214373993098,1.07272
417,-1.9930706214625e-07,0.85779151080495,1,-0.20000646325108,0.21492848919505,1.07272
418,-1.993065365045e-07,0.85725820568816,1,-0.20000593576476,0.21546179431184,1.07272
419,-1.9930684401414e-07,0.85669801720118,1,-0.2000062443535,0.21602198279882,1.07272
420,-1.993068917435e-07,0.85614271624958,1,-0.20000629225036,0.21657728375042,1.07272
421,-1.9930715532459e-07,0.85557496355226,1,-0.20000655675639,0.21714503644774,1.07272
422,-1.9930701766886e-07,0.85502068277282,1,-0.20000641861761,0.21769931722718,1.07272
423,-1.9930695814165e-07,0.85446064069513,1,-0.20000635888151,0.21825935930487,1.07272
424,-1.9930679509377e-07,0.85390345587742,1,-0.20000619526147,0.21881654412258,1.07272
425,-1.9930710414046e-07,0.85332432446149,1,-0.20000650539265,0.21939567553851,1.07272
426,-1.9930700862986e-07,0.85275863128834,1,-0.20000640954688,0.21996136871166,1.07272
427,-1.993065826351e-07,0.85220040233739,1,-0.20000598205724,0.22051959766261,1.07272
428,-1.9930672422136e-07,0.85162107676892,1,-0.20000612414035,0.22109892323108,1.07272
429,-1.9930701224184e-07,0.85103486482546,1,-0.20000641317155,0.22168513517454,1.07272
430,-1.9930695027338e-07,0.85046148954126,1,-0.20000635098563,0.22225851045874,1.07272
431,-1.9930709688499e-07,0.84987081496124,1,-0.20000649811172,0.22284918503876,1.07272
432,-1.9930680525108e-07,0.84929336307523,1,-0.20000620545442,0.22342663692477,1.07272
433,-1.9930645859076e-07,0.84871743546595,1,-0.20000585757761,0.22400256453405,1.07272
434,-1.9930654748416e-07,0.84812662684289,1,-0.20000594678295,0.22459337315711,1.07272
435,-1.9930648098232e-07,0.84753562896485,1,-0.20000588004775,0.22518437103515,1.07272
436,-1.9930683221523e-07,0.84692995491308,1,-0.20000623251319,0.22579004508692,1.07272
437,-1.9930691177558e-07,0.8463284397293,1,-0.20000631235273,0.2263915602707,1.07272
438,-1.993071179601e-07,0.84572036501655,1,-0.20000651926078,0.22699963498345,1.07272
439,-1.9930703235548e-07,0.84512008860361,1,-0.20000643335576,0.22759991139639,1.07272
440,-1.9930681739649e-07,0.8445217063195,1,-0.20000621764245,0.2281982936805,1.07272
441,-1.9930667936589e-07,0.84392012886557,1,-0.20000607912747,0.22879987113443,1.07272
442,-1.9930675058373e-07,0.84330424752386,1,-0.20000615059523,0.22941575247614,1.07272
443,-1.9930658671615e-07,0.84269506741567,1,-0.20000598615261,0.23002493258433,1.07272
444,-1.9930662478133e-07,0.84207909890391,1,-0.20000602435137,0.23064090109609,1.07272
445,-1.99306614971e-07,0.84145685848814,1,-0.20000601450661,0.23126314151186,1.07272
446,-1.9930712655102e-07,0.84081476401888,1,-0.20000652788185,0.23190523598112,1.07272
447,-1.9930669359332e-07,0.84020518067833,1,-0.20000609340483,0.23251481932167,1.07272
448,-1.9930714120897e-07,0.83955935953695,1,-0.20000654259124,0.23316064046305,1.07272
449,-1.9930658452921e-07,0.83894933272786,1,-0.200005983958,0.23377066727214,1.07272
450,-1.9930705724543e-07,0.83829681637728,1,-0.20000645833306,0.23442318362272,1.07272
451,-1.9930646465601e-07,0.83768071168319,1,-0.20000586366414,0.23503928831681,1.07272
452,-1.9930691505017e-07,0.83702315293978,1,-0.20000631563881,0.23569684706022,1.07272
453,-1.9930664874769e-07,0.8363899770423,1,-0.20000604840183,0.2363300229577,1.07272
454,-1.9930707136078e-07,0.83572738002814,1,-0.20000647249794,0.23699261997186,1.07272
455,-1.9930716696834e-07,0.83507449363248,1,-0.20000656844101,0.23764550636752,1.07272
456,-1.9930705818056e-07,0.83442536822297,1,-0.20000645927147,0.23829463177703,1.07272
457,-1.9930706660614e-07,0.83376899115361,1,-0.20000646772662,0.23895100884639,1.07272
458,-1.9930648849371e-07,0.8331329330384,1,-0.20000588758549,0.2395870669616,1.07272
459,-1.9930707292472e-07,0.8324499872743,1,-0.20000647406737,0.2402700127257,1.07272
460,-1.9930709398535e-07,0.83178255016019,1,-0.20000649520191,0.24093744983981,1.07272
461,-1.9930642052335e-07,0.83113515611779,1,-0.20000581937662,0.24158484388221,1.07272
462,-1.993070634728e-07,0.83044384349932,1,-0.20000646458228,0.24227615650067,1.07272
463,-1.993064813259e-07,0.82978758943809,1,-0.20000588039253,0.24293241056191,1.07272
464,-1.9930659692824e-07,0.82910943633038,1,-0.20000599640054,0.24361056366961,1.07272
465,-1.993070578959e-07,0.82841043952254,1,-0.20000645898581,0.24430956047746,1.07272
466,-1.9930684854703e-07,0.82773284311183,1,-0.2000062489023,0.24498715688817,1.07272
467,-1.9930705049234e-07,0.82703709220615,1,-0.20000645155627,0.24568290779385,1.07272
468,-1.9930710156947e-07,0.82634461622677,1,-0.20000650281264,0.24637538377323,1.07272
469,-1.993065513643e-07,0.82567099193355,1,-0.20000595067671,0.24704900806645,1.07272
470,-1.9930698504897e-07,0.82495628410782,1,-0.20000638588324,0.24776371589218,1.07272
471,-1.9930708418346e-07,0.82425112740865,1,-0.20000648536562,0.24846887259135,1.07272
472,-1.9930706066401e-07,0.82354734248732,1,-0.20000646176364,0.24917265751268,1.07272
473,-1.9930699625603e-07,0.8228413882776,1,-0.20000639712964,0.2498786117224,1.07272
474,-1.9930701384548e-07,0.82212997317079,1,-0.20000641478081,0.25059002682921,1.07272
475,-1.9930711862559e-07,0.82140958755439,1,-0.20000651992861,0.2513104124456,1.07272
476,-1.9930714475351e-07,0.82069028584315,1,-0.20000654614822,0.25202971415685,1.07272
477,-1.9930679856715e-07,0.81998022180072,1,-0.20000619874703,0.25273977819928,1.07272
478,-1.9930712107417e-07,0.8192419072819,1,-0.20000652238578,0.2534780927181,1.07272
479,-1.9930669712809e-07,0.8185308615694,1,-0.20000609695201,0.2541891384306,1.07272
480,-1.9930705644272e-07,0.81778182117257,1,-0.20000645752753,0.25493817882743,1.07272
481,-1.9930660580073e-07,0.81706366395633,1,-0.20000600530417,0.25565633604367,1.07272
482,-1.9930699742047e-07,0.81630529680165,1,-0.20000639829816,0.25641470319835,1.07272
483,-1.9930694968068e-07,0.81556487158921,1,-0.20000635039084,0.25715512841079,1.07272
484,-1.9930684386882e-07,0.81482016340412,1,-0.20000624420768,0.25789983659588,1.07272
485,-1.9930706222269e-07,0.81406109505266,1,-0.20000646332778,0.25865890494734,1.07272
486,-1.9930667792955e-07,0.81331613882728,1,-0.2000060776861,0.25940386117272,1.07272
487,-1.9930683124446e-07,0.81255019395297,1,-0.20000623153902,0.26016980604703,1.07272
488,-1.9930658455813e-07,0.81179658451254,1,-0.20000598398702,0.26092341548746,1.07272
489,-1.993069614161e-07,0.81101315972727,1,-0.20000636216745,0.26170684027273,1.07272
490,-1.9930713918901e-07,0.81023573089696,1,-0.20000654056419,0.26248426910304,1.07272
491,-1.993070863074e-07,0.80946138935392,1,-0.20000648749701,0.26325861064608,1.07272
492,-1.9930661667788e-07,0.80870282436638,1,-0.20000601621948,0.26401717563362,1.07272
493,-1.9930666535544e-07,0.80791213883244,1,-0.20000606506787,0.26480786116756,1.07272
494,-1.9930684449885e-07,0.80711957787705,1,-0.20000624483992,0.26560042212295,1.07272
495,-1.9930653562324e-07,0.8063383304545,1,-0.20000593488041,0.2663816695455,1.07272
496,-1.9930659625254e-07,0.80554062283246,1,-0.20000599572247,0.26717937716754,1.07272
497,-1.9930650042617e-07,0.80474222950083,1,-0.20000589955983,0.26797777049917,1.07272
498,-1.9930669729708e-07,0.80392906384727,1,-0.20000609712159,0.26879093615273,1.07272
499,-1.9930688647604e-07,0.8031157454644,1,-0.20000628696441,0.2696042545356,1.07272
500,-1.9930676379674e-07,0.80230512185571,1,-0.20000616385461,0.27041487814429,1.07272
501,-1.9930717230665e-07,0.80147230404354,1,-0.20000657379805,0.27124769595646,1.07272
502,-1.9930693372389e-07,0.80065878343652,1,-0.20000633437806,0.27206121656348,1.07272
503,-1.9930696226647e-07,0.79983043545724,1,-0.2000063630208,0.27288956454276,1.07272
504,-1.9930695989821e-07,0.79900671948491,1,-0.20000636064423,0.27371328051509,1.07272
505,-1.993070313847e-07,0.7981607687734,1,-0.20000643238158,0.2745592312266,1.07272
506,-1.9930665307369e-07,0.79733686735975,1,-0.20000605274302,0.27538313264025,1.07272
507,-1.9930710281765e-07,0.7964736450572,1,-0.2000065040652,0.2762463549428,1.07272
508,-1.9930717677855e-07,0.79562043920094,1,-0.20000657828564,0.27709956079906,1.07272
509,-1.9930707368536e-07,0.79477003217656,1,-0.20000647483068,0.27794996782344,1.07272
510,-1.9930669272185e-07,0.79392510582532,1,-0.20000609253031,0.27879489417468,1.07272
511,-1.9930706963509e-07,0.79304716869038,1,-0.20000647076619,0.27967283130962,1.07272
512,-1.9930692240549e-07,0.79218370814464,1,-0.20000632301994,0.28053629185536,1.07272
513,-1.9930707234502e-07,0.79130536257954,1,-0.20000647348564,0.28141463742046,1.07272
514,-1.993069092752e-07,0.79043223407431,1,-0.20000630984357,0.28228776592569,1.07272
515,-1.9930666181219e-07,0.78955909951786,1,-0.20000606151218,0.28316090048213,1.07272
516,-1.9930713968016e-07,0.78865049451022,1,-0.20000654105706,0.28406950548978,1.07272
517,-1.9930710860813e-07,0.78775829203337,1,-0.200006509876,0.28496170796662,1.07272
518,-1.9930695098046e-07,0.78686524144101,1,-0.20000635169519,0.28585475855899,1.07272
519,-1.9930684049643e-07,0.78596811531717,1,-0.20000624082345,0.28675188468283,1.07272
520,-1.9930697346087e-07,0.78505160285731,1,-0.20000637425448,0.28766839714269,1.07272
521,-1.9930705091068e-07,0.78413412884344,1,-0.20000645197608,0.28858587115656,1.07272
522,-1.9930688274055e-07,0.78322035267247,1,-0.20000628321581,0.28949964732753,1.07272
523,-1.9930678607267e-07,0.78229943561301,1,-0.20000618620871,0.29042056438698,1.07272
524,-1.9930678439117e-07,0.78136800751721,1,-0.2000061845213,0.29135199248279,1.07272
525,-1.9930711613446e-07,0.7804219609465,1,-0.20000651742874,0.2922980390535,1.07272
526,-1.9930674344231e-07,0.77949557805751,1,-0.20000614342875,0.29322442194249,1.07272
527,-1.9930718965806e-07,0.77852812611278,1,-0.20000659121035,0.29419187388722,1.07272
528,-1.9930714760991e-07,0.77757746287653,1,-0.20000654901464,0.29514253712347,1.07272
529,-1.9930688026448e-07,0.77662860094076,1,-0.20000628073105,0.29609139905924,1.07272
530,-1.9930703715865e-07,0.77565753253168,1,-0.20000643817579,0.29706246746832,1.07272
531,-1.9930694769641e-07,0.77469085502325,1,-0.20000634839962,0.29802914497675,1.07272
532,-1.9930708397463e-07,0.77370937366994,1,-0.20000648515605,0.29901062633006,1.07272
533,-1.9930704525592e-07,0.77272887875983,1,-0.20000644630147,0.29999112124017,1.07272
534,-1.9930707129719e-07,0.77173912237222,1,-0.20000647243413,0.30098087762778,1.07272
535,-1.9930688480178e-07,0.77075192366002,1,-0.20000628528428,0.30196807633998,1.07272
536,-1.9930697254289e-07,0.76974691550523,1,-0.20000637333328,0.30297308449477,1.07272
537,-1.9930708187624e-07,0.7687380049751,1,-0.2000064830503,0.3039819950249,1.07272
538,-1.9930682271986e-07,0.76773799128419,1,-0.2000062229845,0.30498200871581,1.07272
539,-1.9930683340244e-07,0.76671468948362,1,-0.20000623370457,0.30600531051638,1.07272
540,-1.9930671509216e-07,0.76569351338239,1,-0.20000611497912,0.30702648661761,1.07272
541,-1.9930690878337e-07,0.76465363147918,1,-0.20000630935002,0.30806636852082,1.07272
542,-1.9930687463839e-07,0.76361579766894,1,-0.20000627508521,0.30910420233106,1.07272
543,-1.9930704904891e-07,0.76256282792256,1,-0.20000645010777,0.31015717207744,1.07272
544,-1.9930715313117e-07,0.761508251267,1,-0.20000655455527,0.31121174873299,1.07272
545,-1.9930679984599e-07,0.76046227687202,1,-0.20000620003036,0.31225772312798,1.07272
546,-1.9930718569105e-07,0.75938190653535,1,-0.20000658722942,0.31333809346465,1.07272
547,-1.9930687514561e-07,0.75832085307125,1,-0.20000627559422,0.31439914692874,1.07272
548,-1.9930700690969e-07,0.75723409049796,1,-0.20000640782069,0.31548590950204,1.07272
549,-1.993065651681e-07,0.75616557184662,1,-0.20000596452894,0.31655442815338,1.07272
550,-1.993069217562e-07,0.755057544295,1,-0.20000632236838,0.317662455705,1.07272
551,-1.993070570055e-07,0.75395190448161,1,-0.20000645809229,0.31876809551839,1.07272
552,-1.993067049252e-07,0.75285607414333,1,-0.20000610477648,0.31986392585667,1.07272
553,-1.993069648128e-07,0.75173017976028,1,-0.20000636557606,0.32098982023972,1.07272
554,-1.9930695284489e-07,0.75060640970077,1,-0.20000635356616,0.32211359029923,1.07272
555,-1.9930666958126e-07,0.74948608047866,1,-0.20000606930851,0.32323391952134,1.07272
556,-1.9930672064868e-07,0.74834546377627,1,-0.20000612055514,0.32437453622373,1.07272
557,-1.9930662073833e-07,0.74720016399322,1,-0.20000602029418,0.32551983600678,1.07272
558,-1.9930690557929e-07,0.74603478173731,1,-0.2000063061347,0.32668521826269,1.07272
559,-1.9930711776803e-07,0.74486423914548,1,-0.20000651906805,0.32785576085452,1.07272
560,-1.9930713525435e-07,0.74369208438167,1,-0.20000653661572,0.32902791561833,1.07272
561,-1.9930685848641e-07,0.74252349056284,1,-0.20000625887656,0.33019650943716,1.07272
562,-1.993071554249e-07,0.7413241474903,1,-0.20000655685706,0.3313958525097,1.07272
563,-1.99307182604e-07,0.74012664824054,1,-0.20000658413153,0.33259335175946,1.07272
564,-1.9930701551362e-07,0.73892849059434,1,-0.2000064164548,0.33379150940566,1.07272
565,-1.9930710731321e-07,0.73771202564305,1,-0.20000650857653,0.33500797435695,1.07272
566,-1.9930698049103e-07,0.73649401912693,1,-0.20000638130932,0.33622598087307,1.07272
567,-1.9930709979281e-07,0.73525800587116,1,-0.20000650102974,0.33746199412884,1.07272
568,-1.9930687299881e-07,0.73402620069624,1,-0.20000627343989,0.33869379930376,1.07272
569,-1.9930701165791e-07,0.73277271221251,1,-0.20000641258557,0.33994728778749,1.07272
570,-1.9930705864771e-07,0.73151198784795,1,-0.20000645974025,0.34120801215204,1.07272
571,-1.993068660405e-07,0.73025091748574,1,-0.20000626645716,0.34246908251426,1.07272
572,-1.9930661995596e-07,0.72898859992435,1,-0.20000601950906,0.34373140007565,1.07272
573,-1.993070277936e-07,0.72768070485493,1,-0.20000642877787,0.34503929514507,1.07272
574,-1.9930702762913e-07,0.72638566666809,1,-0.20000642861283,0.34633433333191,1.07272
575,-1.9930656533427e-07,0.72509506928926,1,-0.2000059646957,0.34762493071074,1.07272
576,-1.9930706574857e-07,0.72375818228182,1,-0.20000646686604,0.34896181771818,1.07272
577,-1.9930702029549e-07,0.72243295484993,1,-0.20000642125345,0.35028704515007,1.07272
578,-1.9930700457887e-07,0.72109609791604,1,-0.20000640548168,0.35162390208396,1.07272
579,-1.9930702507489e-07,0.719747209846,1,-0.20000642604963,0.352972790154,1.07272
580,-1.9930669796854e-07,0.7184016115369,1,-0.20000609779541,0.3543183884631,1.07272
581,-1.9930706034552e-07,0.71701865048057,1,-0.20000646144403,0.35570134951943,1.07272
582,-1.9930698526567e-07,0.71564120641657,1,-0.20000638610071,0.35707879358343,1.07272
583,-1.9930700158859e-07,0.71424893388219,1,-0.2000064024809,0.35847106611781,1.07272
584,-1.9930694545325e-07,0.71284806685455,1,-0.20000634614858,0.35987193314545,1.07272
585,-1.9930701274553e-07,0.711431645236,1,-0.200006413677,0.361288354764,1.07272
586,-1.9930717101012e-07,0.70999945320074,1,-0.20000657249697,0.36272054679926,1.07272
587,-1.99306942211e-07,0.70856997699058,1,-0.20000634289496,0.36415002300942,1.07272
588,-1.9930703052485e-07,0.70711658513043,1,-0.20000643151871,0.36560341486957,1.07272
589,-1.9930687725333e-07,0.70566159826189,1,-0.20000627770933,0.36705840173811,1.07272
590,-1.9930715553213e-07,0.70417884791378,1,-0.20000655696466,0.36854115208622,1.07272
591,-1.9930717858523e-07,0.70268864423448,1,-0.20000658009866,0.37003135576552,1.07272
592,-1.9930709892506e-07,0.70119238733677,1,-0.20000650015895,0.37152761266323,1.07272
593,-1.9930671946419e-07,0.69969578047895,1,-0.20000611936649,0.37302421952105,1.07272
594,-1.9930652677521e-07,0.69817659740302,1,-0.20000592600133,0.37454340259698,1.07272
595,-1.9930702330819e-07,0.69661842560217,1,-0.20000642427673,0.37610157439783,1.07272
596,-1.9930718083627e-07,0.69505867047324,1,-0.2000065823576,0.37766132952676,1.07272
597,-1.9930666145377e-07,0.69350440485088,1,-0.2000060611525,0.37921559514912,1.07272
598,-1.9930659262496e-07,0.69193588067632,1,-0.20000599208216,0.38078411932368,1.07272
599,-1.9930656413446e-07,0.69034212635697,1,-0.20000596349168,0.38237787364303,1.07272
600,-1.9930695906798e-07,0.68871525386789,1,-0.20000635981109,0.38400474613211,1.07272
601,-1.9930699069611e-07,0.68708873975202,1,-0.20000639155021,0.38563126024798,1.07272
602,-1.9930673615477e-07,0.68545833929005,1,-0.20000613611564,0.38726166070994,1.07272
603,-1.9930712039028e-07,0.6837892238204,1,-0.20000652169949,0.3889307761796,1.07272
604,-1.9930678523593e-07,0.68213136462046,1,-0.20000618536903,0.39058863537954,1.07272
605,-1.9930712386062e-07,0.68043188489002,1,-0.20000652518201,0.39228811510998,1.07272
606,-1.9930705377036e-07,0.67873101483909,1,-0.20000645484579,0.39398898516091,1.07272
607,-1.993071229131e-07,0.67700944286167,1,-0.20000652423117,0.39571055713833,1.07272
608,-1.9930709012018e-07,0.67527134375861,1,-0.20000649132317,0.39744865624139,1.07272
609,-1.9930687340102e-07,0.67353005494104,1,-0.20000627384351,0.39918994505896,1.07272
610,-1.993067950735e-07,0.67176081670743,1,-0.20000619524112,0.40095918329257,1.07272
611,-1.9930698327782e-07,0.66996650908942,1,-0.20000638410588,0.40275349091057,1.07272
612,-1.9930686771039e-07,0.66816312200458,1,-0.20000626813291,0.40455687799542,1.07272
613,-1.9930709298611e-07,0.66632971699515,1,-0.20000649419916,0.40639028300485,1.07272
614,-1.9930708903801e-07,0.66448457741655,1,-0.20000649023721,0.40823542258345,1.07272
615,-1.9930698660561e-07,0.66262562331116,1,-0.20000638744535,0.41009437668884,1.07272
616,-1.9930664553166e-07,0.66075515195435,1,-0.20000604517452,0.41196484804565,1.07272
617,-1.9930717062089e-07,0.65883191773778,1,-0.20000657210637,0.41388808226222,1.07272
618,-1.9930680123602e-07,0.65692384506315,1,-0.20000620142527,0.41579615493685,1.07272
619,-1.9930709251754e-07,0.65496699228663,1,-0.20000649372895,0.41775300771337,1.07272
620,-1.9930713346108e-07,0.65300090301904,1,-0.20000653481616,0.41971909698095,1.07272
621,-1.9930716104083e-07,0.65101106917587,1,-0.2000065624927,0.42170893082412,1.07272
622,-1.9930653104308e-07,0.64902599567904,1,-0.20000593028418,0.42369400432096,1.07272
623,-1.9930700867007e-07,0.64697584105696,1,-0.20000640958723,0.42574415894304,1.07272
624,-1.9930663025315e-07,0.64493386860404,1,-0.20000602984239,0.42778613139596,1.07272
625,-1.9930707046239e-07,0.64283779275387,1,-0.2000064715964,0.42988220724613,1.07272
626,-1.9930674680712e-07,0.64074699497448,1,-0.20000614680537,0.43197300502552,1.07272
627,-1.9930714863691e-07,0.63860238436635,1,-0.20000655004524,0.43411761563365,1.07272
628,-1.9930711822599e-07,0.63644959527997,1,-0.20000651952761,0.43627040472003,1.07272
629,-1.9930718628146e-07,0.6342669459792,1,-0.2000065878219,0.4384530540208,1.07272
630,-1.993068959626e-07,0.63207180610139,1,-0.20000629648426,0.44064819389861,1.07272
631,-1.9930671498983e-07,0.62984471680634,1,-0.20000611487643,0.44287528319366,1.07272
632,-1.9930661788947e-07,0.62758658801063,1,-0.20000601743532,0.44513341198937,1.07272
633,-1.9930718800493e-07,0.62527516482678,1,-0.20000658955142,0.44744483517322,1.07272
634,-1.9930699569965e-07,0.6229637532178,1,-0.2000063965713,0.44975624678219,1.07272
635,-1.9930657171006e-07,0.62062964660785,1,-0.20000597109386,0.45209035339215,1.07272
636,-1.9930676052824e-07,0.61824207147773,1,-0.20000616057464,0.45447792852227,1.07272
637,-1.9930704524474e-07,0.61581978805697,1,-0.20000644629026,0.45690021194303,1.07272
638,-1.993064763317e-07,0.61339693597767,1,-0.20000587538081,0.45932306402233,1.07272
639,-1.9930713931388e-07,0.61089355682175,1,-0.2000065406895,0.46182644317825,1.07272
640,-1.9930702445115e-07,0.60838683468841,1,-0.2000064254237,0.46433316531159,1.07272
641,-1.9930681262415e-07,0.60584811091132,1,-0.20000621285336,0.46687188908868,1.07272
642,-1.9930666164473e-07,0.60327110995312,1,-0.20000606134413,0.46944889004688,1.07272
643,-1.9930672275192e-07,0.60064942614221,1,-0.20000612266576,0.47207057385779,1.07272
644,-1.9930664324495e-07,0.59799362577681,1,-0.20000604287978,0.47472637422319,1.07272
645,-1.993065367089e-07,0.59530006610451,1,-0.20000593596988,0.47741993389549,1.07272
646,-1.9930656518397e-07,0.59256082373785,1,-0.20000596454487,0.48015917626215,1.07272
647,-1.9930694124203e-07,0.58976881120883,1,-0.20000634192258,0.48295118879117,1.07272
648,-1.9930696804621e-07,0.58694345498212,1,-0.20000636882082,0.48577654501788,1.07272
649,-1.9930712882106e-07,0.58406952056144,1,-0.20000653015986,0.48865047943856,1.07272
650,-1.993066407252e-07,0.58117561457599,1,-0.20000604035119,0.49154438542401,1.07272
651,-1.9930680921176e-07,0.57821200348671,1,-0.200006209429,0.49450799651329,1.07272
652,-1.9930692181935e-07,0.57519768049788,1,-0.20000632243175,0.49752231950212,1.07272
653,-1.9930663329062e-07,0.57215144167211,1,-0.20000603289052,0.50056855832789,1.07272
654,-1.9930666521804e-07,0.56904062294924,1,-0.20000606492998,0.50367937705076,1.07272
655,-1.9930687283197e-07,0.5658699609056,1,-0.20000627327246,0.5068500390944,1.07272
656,-1.993068302857e-07,0.56265081110999,1,-0.20000623057689,0.51006918889001,1.07272
657,-1.993071117804e-07,0.55936381005937,1,-0.2000065130594,0.51335618994063,1.07272
658,-1.9930669105118e-07,0.55604637838074,1,-0.20000609085377,0.51667362161926,1.07272
659,-1.9930686510959e-07,0.55263906843997,1,-0.20000626552298,0.52008093156003,1.07272
660,-1.9930665761878e-07,0.54918754164296,1,-0.20000605730405,0.52353245835704,1.07272
661,-1.9930659562531e-07,0.54566305182554,1,-0.20000599509304,0.52705694817446,1.07272
662,-1.9930682619864e-07,0.54205418251567,1,-0.20000622647549,0.53066581748433,1.07272
663,-1.9930706726003e-07,0.53837699081514,1,-0.2000064683828,0.53434300918486,1.07272
664,-1.9930674229351e-07,0.53464775588663,1,-0.20000614227592,0.53807224411337,1.07272
665,-1.9930695246593e-07,0.53081672345065,1,-0.20000635318587,0.54190327654934,1.07272
666,-1.9930663461935e-07,0.52692652929362,1,-0.20000603422391,0.54579347070637,1.07272
667,-1.9930681308313e-07,0.52293394567509,1,-0.20000621331395,0.54978605432491,1.07272
668,-1.993070949422e-07,0.51884801850408,1,-0.20000649616211,0.55387198149592,1.07272
669,-1.9930718405484e-07,0.51467813826357,1,-0.20000658558746,0.55804186173643,1.07272
670,-1.993071329738e-07,0.51041664702181,1,-0.20000653432717,0.56230335297819,1.07272
671,-1.9930701723853e-07,0.50605698785331,1,-0.20000641818576,0.56666301214669,1.07272
672,-1.9930703429371e-07,0.5015858574108,1,-0.2000064353008,0.5711341425892,1.07272
673,-1.993068233655e-07,0.49701409126983,1,-0.20000622363241,0.57570590873017,1.07272
674,-1.9930655184602e-07,0.49232727542842,1,-0.20000595116012,0.58039272457158,1.07272
675,-1.9930684962345e-07,0.48749628571564,1,-0.20000624998249,0.58522371428436,1.07272
676,-1.993070719315e-07,0.48253699973459,1,-0.20000647307066,0.59018300026541,1.07272
677,-1.9930704298185e-07,0.47745209967436,1,-0.20000644401942,0.59526790032564,1.07272
678,-1.9930711611746e-07,0.47221901529821,1,-0.20000651741168,0.60050098470179,1.07272
679,-1.9930698365286e-07,0.4668405797898,1,-0.20000638448224,0.6058794202102,1.07272
680,-1.9930704052158e-07,0.46129377123901,1,-0.20000644155052,0.61142622876099,1.07272
681,-1.9930655311891e-07,0.45559613981553,1,-0.20000595243748,0.61712386018447,1.07272
682,-1.9930689071859e-07,0.44968346961197,1,-0.20000629122184,0.62303653038803,1.07272
683,-1.9930705577633e-07,0.44358064618269,1,-0.2000064568588,0.62913935381731,1.07272
684,-1.9930694942731e-07,0.43728230683436,1,-0.20000635013659,0.63543769316564,1.07272
685,-1.9930655505024e-07,0.43077092364176,1,-0.20000595437558,0.64194907635824,1.07272
686,-1.9930676870065e-07,0.42399620342722,1,-0.20000616877573,0.64872379657278,1.07272
687,-1.9930676496379e-07,0.41697198989138,1,-0.20000616502575,0.65574801010862,1.07272
688,-1.9930697577522e-07,0.40965793943401,1,-0.20000637657695,0.66306206056599,1.07272
689,-1.9930697395566e-07,0.40205133296685,1,-0.20000637475101,0.67066866703315,1.07272
690,-1.9930645952573e-07,0.39413819800335,1,-0.20000585851586,0.67858180199665,1.07272
691,-1.9930679790869e-07,0.38583122684682,1,-0.20000619808627,0.68688877315318,1.07272
692,-1.9930694289916e-07,0.37713804836309,1,-0.20000634358553,0.69558195163691,1.07272
693,-1.9930643991546e-07,0.36803953912326,1,-0.20000583883678,0.70468046087674,1.07272
694,-1.9930645374403e-07,0.35844631884839,1,-0.20000585271387,0.71427368115161,1.07272
695,-1.9930674521623e-07,0.3483014403368,1,-0.20000614520889,0.7244185596632,1.07272
696,-1.9930698106029e-07,0.33756783484614,1,-0.20000638188057,0.73515216515386,1.07272
697,-1.9930669532993e-07,0.32618395207142,1,-0.20000609514754,0.74653604792858,1.07272
698,-1.9930646186602e-07,0.31403804181507,1,-0.20000586086436,0.75868195818493,1.07272
699,-1.9930672390502e-07,0.30099647212593,1,-0.2000061238229,0.77172352787407,1.07272
700,-1.9930681374532e-07,0.2869522515133,1,-0.20000621397847,0.7857677484867,1.07272
